"","idx_miss","Freq","Percent"
"1","FALSE",1131,44.4575471698113
"2","TRUE",1413,55.5424528301887
