"","idx_miss","Freq","Percent"
"1","FALSE",2345,92.1776729559748
"2","TRUE",199,7.82232704402516
